02996a54-5cbc-4e0e-918f-5738d2c4a000,82,2017-11-22 16:06:00.0,429ff096_4739_4089_b27a_7ac6a85ddfdf
02f8f259-5381-4409-ae0c-b3fad8242578,3,2017-11-22 16:06:00.0,6c84ce73_af10_49c2_b893_b97136adc4b3
039cb0b4-e61a-4dbc-a0db-a691b945fc44,43,2017-11-22 16:06:00.0,9b136801_aaa7_4e80_bdee_b4c5480e3d25
0495489c-7f6f-4e5a-b336-28ba2f9fd7d7,90,2017-11-22 16:06:00.0,5081cf56_89eb_4d7c_bab6_1e7ca4719ea0
04e22885-df5c-452f-944c-c36b70bdb036,73,2017-11-22 16:06:00.0,751f8788_78d1_47b2_b5ce_88e61babfa9f
05a50327-dd51-4255-98b5-191c50225efd,47,2017-11-22 16:06:00.0,9c828789_bf5f_4b36_8372_7a056baa0bfd
0851de47-d4c0-4ac2-be56-069e3dff371e,35,2017-11-22 16:06:00.0,caf8272e_5166_4a6b_a597_c8f5b9105faf
08a4660c-3b39-42c6-9646-9a3978cdb37e,20,2017-11-22 16:06:00.0,6c5f08b1_627a_4791_be11_42b49dc81929
0a33c7fd-67f0-4fce-96a5-f3d75a1c43db,83,2017-11-22 16:06:00.0,e6461607_b62b_422b_ad37_9648ceeeedfb
0c5a0b6e-6a2c-4167-9aed-157463c5dcb1,41,2017-11-22 16:06:00.0,67ce1238_189a_4dd1_bf1b_e6caa7b25cd2
0c6f26e6-4707-4c16-9252-67886cacf091,21,2017-11-22 16:06:00.0,5900c4ac_80a1_4614_bba3_263853f9f31d
0de61ede-a611-4ed0-815d-4a9865acfa61,65,2017-11-22 16:06:00.0,cf1ab35d_d2c3_4531_b093_706e0d1cce50
0fc64e52-d434-4240-9ea6-6e26c7992fae,57,2017-11-22 16:06:00.0,8b508d6a_f12c_4b93_91c6_8754271c2f16
12d84eb8-3714-454f-9a4e-df1f08a7e6a4,91,2017-11-22 16:06:00.0,3bedee0c_8b48_4e03_88cb_d25f0749cb2e
13d15cac-274e-4992-8cef-4e8adcbec18e,96,2017-11-22 16:06:00.0,a68251c4_658c_4ebb_85d6_65c12f3dff66
15355e3e-44b3-4fe2-a275-da21a52502d3,94,2017-11-22 16:06:00.0,579d72ba_fc0d_4f60_b631_9719f8f4286b
181a2fd7-a6bb-4dc9-8c73-8c666d1cd747,50,2017-11-22 16:06:00.0,7cf71650_d67f_4b10_bb3d_dc254bde586d
189b1f45-f5fe-462b-a919-48dc6525ef1a,25,2017-11-22 16:06:00.0,59c144da_7d68_4648_b434_1f745e5c02e0
1a1e8de6-698f-4c12-a568-4842e1222877,98,2017-11-22 16:06:00.0,1f6579e2_c051_4f85_a2f1_a73815a2ca38
1aa23d7e-3e4f-4c94-b170-844d70a9bd2d,88,2017-11-22 16:06:00.0,bd8349a1_3e19_4ccb_beac_67caca63f6cf
1cba5929-643e-4bfa-a056-4b9577954f31,96,2017-11-22 16:06:00.0,17146d7a_8c70_46e8_aa4c_af4e7deb9da4
1fd9a082-11c5-41cd-803c-ca0eac69d515,40,2017-11-22 16:06:00.0,f2c66e44_fd4a_42bf_8d9d_01d8f4c7b6c1
210d96bf-ab51-47be-922a-f49bfffd57da,3,2017-11-22 16:06:00.0,856f795c_6642_48ef_b27a_4eda99922467
229ba354-98f3-4aef-8a92-e30e737abf13,88,2017-11-22 16:06:00.0,ee583e7e_8e74_4efd_a296_78fa70a05220
24def786-2cbc-44c8-a225-c1e3f2cbade3,96,2017-11-22 16:06:00.0,7ba2be18_4253_43af_9afd_506e991c5a8b
25226b6a-8e9c-407c-ae15-5410ac7a286a,31,2017-11-22 16:06:00.0,87299a07_4147_4b82_ac97_9879866ff2cb
258cab91-b254-4de4-8c88-70cf27190c9e,6,2017-11-22 16:06:00.0,23ed1f11_b433_4741_b274_29f665e76377
2675f599-14d6-4449-a53b-71ac51f43c43,96,2017-11-22 16:06:00.0,06ff7a79_d6a1_4036_961e_ff605daae9cd
2798b6be-abdc-45e7-bd91-66ea0076ad13,93,2017-11-22 16:06:00.0,21cb0977_175a_40f4_ba22_69be4ef2e791
2ae02ab2-6fe4-4f02-b724-f50824450cf4,42,2017-11-22 16:06:00.0,da10f8a6_1382_460a_943b_8c2383f67779
2bc493d0-17d8-4bb3-bf15-a665dc335162,93,2017-11-22 16:06:00.0,d51956fd_0a74_4306_9d84_76b842996c60
2c42bd32-afd4-478e-9d02-fe6e4a42aac5,50,2017-11-22 16:06:00.0,59926a1c_dc59_4c79_bf41_6d3cc5ed70e3
2cf994ad-1f4c-4ae9-9b08-b703355001a3,59,2017-11-22 16:06:00.0,706c1cf8_8ea4_43f8_b18a_c0e463bdb3c2
2de5d5d3-182c-416e-b28c-8e583559c912,50,2017-11-22 16:06:00.0,f64e9d96_845e_4ca9_b90e_3c0e7ac181fe
2e82d147-439c-4040-bca5-20bae42da425,30,2017-11-22 16:06:00.0,246fbf06_4780_4e54_9fdf_9b597e714db8
2edfdd6a-eb1d-40d6-8047-d84038597090,84,2017-11-22 16:06:00.0,5a11362e_7542_414a_898a_e422217f1906
31007297-793d-4bef-a54e-2b77834b8eb5,53,2017-11-22 16:06:00.0,1ab3a744_7f27_4d09_b645_2785048a3092
3184ba29-e00b-4319-9a41-83ad5cd4a895,95,2017-11-22 16:06:00.0,613d910d_eb81_4f77_af4e_09fb4f2269bd
32122a71-2736-4962-b565-fa1f5ae47971,8,2017-11-22 16:06:00.0,a5b82a2f_79b7_4c39_802f_1c88e117b418
36e00706-43e7-45fb-9ae9-e00c682cfbc2,49,2017-11-22 16:06:00.0,3823a645_ce6e_47b6_be0a_49c34f4d6540
38cdf21e-9dcd-4c16-9cc8-d654e74a361b,8,2017-11-22 16:06:00.0,4a5405c0_898f_44fd_89e0_e1b300191765
3a5d10ba-b944-4124-91cb-7b5bac224da1,64,2017-11-22 16:06:00.0,dc84db8e_d170_4435_bbf8_3bb9f3998859
3b1ae580-f691-46af-8a0a-704dcda2d039,62,2017-11-22 16:06:00.0,7cad6bda_c237_41c1_be90_1bc55c9d5623
3cce1fef-1ed5-4180-8dc0-203cf15ac675,5,2017-11-22 16:06:00.0,d0b690e4_516d_4922_9737_7b7f592c7111
3dcc0bb5-df3c-4601-9118-6539339a8d3e,36,2017-11-22 16:06:00.0,3c087e69_368e_40d3_8cf7_e1aa1cd2e180
3df2f1c8-85d5-4006-9892-ae64f0d6768b,32,2017-11-22 16:06:00.0,60fa871d_46d7_46f5_ab8b_8e8c5afd28c2
3e71611f-7832-4bea-893d-8f7c21bedd54,53,2017-11-22 16:06:00.0,ff39d9b7_184a_41ed_adb1_bff99875da92
40810053-f33a-49e8-9a51-bf466ab48d0f,92,2017-11-22 16:06:00.0,54ee03fb_bcd7_4328_aedf_20d77f0fc454
4155c88a-9452-4a4d-be06-c520abfac626,30,2017-11-22 16:06:00.0,8ecf8932_e0c5_4bb1_968f_a5a22c5293ba
41e1f5c5-ae7a-4eed-a95d-07d529ad814a,56,2017-11-22 16:06:00.0,61d37211_cdb6_489e_8442_59104001fbae
41f153d7-4e39-4250-9c8b-d931e2577a0f,72,2017-11-22 16:06:00.0,6dbdf009_aa25_416c_b044_5d385e9ddaf6
42888a45-0116-4468-995e-2959be8780fb,48,2017-11-22 16:06:00.0,32445506_a007_4eac_9409_0963e29160cf
4409c6ac-a0a2-4927-a72e-5d942e379844,36,2017-11-22 16:06:00.0,407906d9_08a0_4151_8020_a8cb12b9171f
4493c0eb-13ab-4361-a88a-7ac64f9d5174,21,2017-11-22 16:06:00.0,e6774519_9ca0_4009_8013_3aff07b9bfe8
4626d847-50c4-4a94-adbb-c9df787865a2,1,2017-11-22 16:06:00.0,c38fae4d_ebbf_4e48_8a20_8e5aa85f4721
46358f75-224f-4821-9115-3dea237fc1bc,99,2017-11-22 16:06:00.0,6be868dd_f3aa_49a8_8233_37fc415de0ad
4644d84c-b5c6-4192-aef1-1b6a274a9d6d,76,2017-11-22 16:06:00.0,8309bf52_24a7_407e_b29c_d6db271457ab
47512435-4eab-4a75-8374-38a113a972f6,88,2017-11-22 16:06:00.0,867d02db_5bbc_4df9_bb1e_3b2b8057a956
49786084-592a-458f-b7e4-960e3e5055a6,4,2017-11-22 16:06:00.0,99eec5f0_0665_4908_9532_e167e0041dc8
49d521b1-d260-42de-a39c-95e34ea19c05,24,2017-11-22 16:06:00.0,49522ab5_19e9_4059_af53_d151daeaf7b7
4b5f7771-42f3-4ca7-acf3-0e4d70335f34,36,2017-11-22 16:06:00.0,9f4e4166_484c_4420_9067_96f2d74bcb6a
4c20e4c0-d12b-485a-a964-d8e4cce85e59,37,2017-11-22 16:06:00.0,84534a42_4a54_48a5_82df_1b8dc3327149
4d424e2b-55d2-46e9-a2d7-a547cd299434,66,2017-11-22 16:06:00.0,fb4bcc0a_aa49_436b_8041_1d5f337eb449
4ee86614-73da-4316-85d2-0e409a0844e3,2,2017-11-22 16:06:00.0,334721ab_917c_48bc_81ff_4e3a34974cbe
4fad1018-a19e-4ab6-a005-e5d0003a12f0,20,2017-11-22 16:06:00.0,6592c824_2516_4be0_a2ca_da543a87e00f
50b82550-8ffc-4197-bde7-8aee5ff04398,77,2017-11-22 16:06:00.0,1f8c5d6d_3972_45af_8ea9_2ec7f5684417
523d2ecb-ef90-47c2-8faa-4c7a6b06c8e0,78,2017-11-22 16:06:00.0,5820abce_7ccd_4f84_974e_698146b4223c
5247ec37-ba0f-4064-b207-f173cecf9fe8,46,2017-11-22 16:06:00.0,572c58eb_5a88_4d7e_9e9d_c591763ee16f
538e4b42-dac1-4eee-bb0f-97906053f893,5,2017-11-22 16:06:00.0,7313793b_369f_4812_9bb9_131434d7ce7c
53a7ef6c-541a-4d67-b35a-a4db552bfb86,34,2017-11-22 16:06:00.0,0430d70a_393b_4741_9594_e76a8634e33b
53bcb920-a798-4a01-b69a-a54fc93041b1,23,2017-11-22 16:06:00.0,c719bd71_6b19_4274_be22_6adc283d3d29
54ef9e0b-a466-404f-b3c8-27a78486c594,73,2017-11-22 16:06:00.0,4e2afa44_4b4e_4a94_9b27_182dc7d788ee
55656051-4800-472c-b729-b4dc63607723,49,2017-11-22 16:06:00.0,6b59cb93_60eb_42d9_9905_52838164e28b
58ed9bc2-30d6-4aba-976b-271189b7e261,94,2017-11-22 16:06:00.0,01b058a1_5c6b_4f5e_915e_10fcfe5f3742
5af0917a-8736-4693-ba7f-fbcac5459187,61,2017-11-22 16:06:00.0,90d5c409_4eef_4a07_986a_4c99a6c71f52
5b6af44c-8d85-4e5f-8ef7-943020d6ed69,8,2017-11-22 16:06:00.0,a111738f_b00b_4495_9537_601ac673ce6f
5c806fae-e80f-4c73-a682-6d9f3f679280,73,2017-11-22 16:06:00.0,e3d488cd_6198_4bd4_a364_b21fc2aa4ae6
5c9ecb2f-3934-40d6-be71-d4bc9fbc307c,93,2017-11-22 16:06:00.0,7fdf1862_6be4_474f_9f01_84ea9112c9fb
5dc4d5b1-019e-4478-afa8-4c211a039921,3,2017-11-22 16:06:00.0,101bdfca_07c0_4401_9444_c8222528cacc
5f144345-ee37-4c86-b486-7cc58931729a,61,2017-11-22 16:06:00.0,2d77a08e_5cab_47d1_98e1_ba3644adb50c
5f2b49a0-c9d4-4650-b012-407151b44a3d,79,2017-11-22 16:06:00.0,7d97cd8c_a27e_4c58_8307_9ef4c0852ee9
5f53af7b-9580-4497-b301-025eee42a68f,68,2017-11-22 16:06:00.0,1bf00b99_6a8e_4d17_9063_ea5a4a77af5b
610ba491-6527-4e8d-80da-3acc636c3a9b,84,2017-11-22 16:06:00.0,3db916d7_2525_4ab2_b560_6d1c60ab4ada
610beb83-03e5-4a84-95a4-67f5c3f54eda,89,2017-11-22 16:06:00.0,76279beb_d920_4583_918f_1c24cc4d8a95
62d0e68a-94e3-48bb-869c-13bd01ba91d5,74,2017-11-22 16:06:00.0,cb29ff10_02d6_4b90_9304_568aaee5edc2
64c3fb4f-8e2a-4250-9012-2d5dae8011de,94,2017-11-22 16:06:00.0,300b53f9_aa49_4c88_b9eb_52076351a9a2
65297a26-bd23-4808-8090-1e024b1f6cf8,89,2017-11-22 16:06:00.0,46ea6eca_efb5_4675_8e17_991b35ea80ca
677a1900-9e06-49a9-b30f-df503f73b70a,44,2017-11-22 16:06:00.0,a4fd1b18_8ae7_48aa_a790_6c1080596bde
68736849-dfa4-4e53-9dd0-cbf598ecafd1,12,2017-11-22 16:06:00.0,394a7656_eaf1_484c_9680_f723c303cdf6
689c0432-44b1-4b33-92ec-416969b7a66e,78,2017-11-22 16:06:00.0,f8af32a3_be07_4eb5_a72e_8ea6d8fb80b9
68e09d85-eeb7-44ec-9b86-97975e2fedb5,52,2017-11-22 16:06:00.0,e39ee704_ecd6_4493_9c5d_3e3dcd042fd9
6947c0db-ac79-4832-bd49-b87b361fce6f,28,2017-11-22 16:06:00.0,ddf901cc_f802_4b8e_89be_481203bdd762
69703f95-9a4f-4b1f-9c97-fd650f24744d,13,2017-11-22 16:06:00.0,db421f8c_fa97_4d8c_b31c_5268c14cb1cf
69b23ae1-0700-4f3e-95be-ab5dfbe5a5c8,70,2017-11-22 16:06:00.0,8ac558a7_a859_4537_a4a1_1ca47fe16927
6b60feb5-d1a0-424c-92c9-6b76b7e0e4eb,55,2017-11-22 16:06:00.0,c218916d_cdfe_4910_87e0_72d4d93d6425
6b6b1c5d-e142-45a0-8068-98bf08fc8c5b,70,2017-11-22 16:06:00.0,4ba48dd7_77be_4eae_b8ef_3d5537481db6
6c76ce7c-3169-4db8-910f-881bb7cc0a0a,4,2017-11-22 16:06:00.0,6928e651_11f1_4075_aa41_417003546e57
6ce93169-bbf0-4dc5-b91b-9dcb20993467,41,2017-11-22 16:06:00.0,2618ae4a_65d9_4fe9_8f86_049cf1dd4386
6f0b1a4a-fd27-4624-a543-3eb3040c5dfc,83,2017-11-22 16:06:00.0,226b718d_a6ca_42fd_9817_1775249e97c2
700a3e77-df1d-4c03-82d3-b828ae9dc062,80,2017-11-22 16:06:00.0,7c4e4238_0f4a_485f_902c_35ecdb649e75
70bc58df-751f-4297-a8a9-28c853dae402,75,2017-11-22 16:06:00.0,af1ac1c3_f0dc_4246_911f_0b547ae0bfc7
71a26051-ebec-4938-b68a-3c95e8a8e720,79,2017-11-22 16:06:00.0,26679d97_8d67_4ddd_939a_dcb1fbdb9df7
7455e683-6720-410d-9211-bfe2b9f7ee3b,91,2017-11-22 16:06:00.0,3d31a4b0_a66c_42ee_8993_b6ef53ac6fb2
74f98eb4-a3b8-4000-a10f-beb263d1f9df,16,2017-11-22 16:06:00.0,06edece1_2675_4464_a702_bd0c97cea204
76ebdf9d-f0ef-4e45-9e92-26bd66510bf6,89,2017-11-22 16:06:00.0,95058d43_3c9f_4b24_b610_73da84aa4ace
78014275-df63-419a-8e3f-8be8a0e1de25,12,2017-11-22 16:06:00.0,1474fe7f_4a75_4458_9f0d_694dc4f47b96
7c082b0e-6ebf-4b20-bcaa-9677423ccb22,29,2017-11-22 16:06:00.0,1fc0b987_d2b5_4321_97af_e9b81ea06682
7c380b4c-ba00-48ac-8af6-23ac15c22572,88,2017-11-22 16:06:00.0,801374c7_2b5a_45a7_8061_6798ae6854c2
7ca5b241-6cdb-407d-9a0f-c024f7c58ce4,2,2017-11-22 16:06:00.0,020f362c_49ce_4545_9d30_0cbe3c738046
808df3c2-f1e6-4581-9f07-6b8e4442ba0a,60,2017-11-22 16:06:00.0,thermometer3
819457fc-c251-4b15-9162-5a3f60e94e95,68,2017-11-22 16:06:00.0,c9f77671_76e0_4365_9814_fcd0b08eac5b
82bba09f-2519-448a-8eef-400c3204bb3c,84,2017-11-22 16:06:00.0,e0a7026a_a3ee_4794_b7b2_ddd4635c1377
8550e67d-e294-4b67-a3ec-d05dc6070f81,41,2017-11-22 16:06:00.0,0c7d7641_f4d9_45d0_bb0c_c749adfcccc5
866a11dd-fe6a-41ad-95aa-1f3f169db3e0,84,2017-11-22 16:06:00.0,2fc3c344_d837_41af_85bd_38b846536c30
88edbc73-6318-4540-8074-916f70080d8d,89,2017-11-22 16:06:00.0,2dc52273_e513_4a6c_98b2_b394dd67f237
89e60459-0dce-45ce-9086-9116af6d8c0d,90,2017-11-22 16:06:00.0,f2c42896_081f_42b4_b243_9723224064cd
8c7633d6-6844-4687-aa9d-ae998a9bc92c,56,2017-11-22 16:06:00.0,4b9e1a90_305e_4b7c_8fa0_6905bf7faa61
8ed39a48-a643-4449-8521-6ef3f1274b14,67,2017-11-22 16:06:00.0,80e5e97c_b8a3_4c05_b0bc_4cf7c9fd74ab
8f7d6838-67ae-46a2-95ca-a8b5fac17ec0,72,2017-11-22 16:06:00.0,66bdbcf9_b5c5_4aae_8237_17c247cdeac3
92043a7a-e765-4b21-b9db-6eee4f997ce0,37,2017-11-22 16:06:00.0,cec0c35c_46bb_4cd5_93b2_a0a2204398c0
9ab90ff6-1c49-409d-bc4d-2b3c23c7ac56,76,2017-11-22 16:06:00.0,23cea3bd_83a6_4769_93ff_1fc6847f93d1
9f34d3cc-39d6-49dc-9224-4430e74c8f72,7,2017-11-22 16:06:00.0,709b4aef_839c_45cb_a6fb_42328cca9a53
9f6d94ec-44aa-4bac-bd89-de1394e583ac,53,2017-11-22 16:06:00.0,a8c59759_bd50_4a5a_ba6a_f0b1f08ea5d5
a0091e45-6218-4f7b-9ead-cdfefa5294ff,47,2017-11-22 16:06:00.0,352bfe1c_207f_42b9_9662_e1949622f72b
a07571cd-478a-4b2a-b285-f58213ed0d28,94,2017-11-22 16:06:00.0,188a079a_b86a_4ddc_bf53_434ca7646db0
a07d71ef-a9a7-460e-86c0-c755be2a09c6,66,2017-11-22 16:06:00.0,6f876e70_ad97_4d4f_a414_3475c0bfc83e
a1e140bc-a651-4073-9085-9e4c4f42e7f3,35,2017-11-22 16:06:00.0,09f220fb_4ddd_4cad_acc9_c7d87827baa7
a25ce4c7-910f-4cd3-8d72-5c205b674f0f,19,2017-11-22 16:06:00.0,92fd38d7_b906_473c_87b8_685baca239c4
a4a62645-dc9f-413f-b477-0aac45031e70,8,2017-11-22 16:06:00.0,b2f709e1_0f76_48e8_b48d_d9e182c7a5ed
a58deda6-3e5e-41b3-8167-9e93d9faac8b,53,2017-11-22 16:06:00.0,f3e26ee2_f33f_4a45_9b1a_d278082f214b
a65459a1-4f15-47e0-95af-ad854f855f00,15,2017-11-22 16:06:00.0,71f1ad92_c805_4120_bc0d_09f4037108e2
a793f38f-b3b6-4021-b439-55273adbdba4,67,2017-11-22 16:06:00.0,eb2fdee8_b6df_48a1_b4fe_0f00ab908b08
a874ccb3-b8e4-426a-98e0-0d73c851b9ef,18,2017-11-22 16:06:00.0,a319e568_f4aa_4fbf_a68a_0fc7d9e456fb
a8bbb38f-b2a2-4e8c-93a1-57c542ac53cc,57,2017-11-22 16:06:00.0,8a99ff1d_2cf6_472a_b18e_eaa07db0bf83
a8d73f3b-9af2-4dbb-a5df-46456c3ea12e,16,2017-11-22 16:06:00.0,2bea4741_bb38_43aa_a73d_152523e93790
a978e3a6-b33a-4172-b2c0-a454b162e781,95,2017-11-22 16:06:00.0,535b165b_9fe2_46d0_9c20_11e38bce0366
aa386211-89d2-44cb-b8e7-b092c02b4d17,43,2017-11-22 16:06:00.0,0d7098a2_0ffb_4a61_b257_c3ddb21c63fe
aa916a4b-9174-4158-9bc4-f7c279ee724f,47,2017-11-22 16:06:00.0,f8cb5b6a_ab80_40fd_8f94_962249e82f41
ad3d9fa5-3f67-4047-9bea-927d897962d9,34,2017-11-22 16:06:00.0,e0cb5c62_8903_41dc_8041_4e76c1ed4ff4
ae37861e-933e-43dd-bab3-5636abc00c4e,60,2017-11-22 16:06:00.0,31add2d5_4c92_4725_a305_7076c045ffb1
b031ad62-b818-42da-9aff-11e1569ffd48,73,2017-11-22 16:06:00.0,48ec9043_4d33_4fc5_b79d_62eca3864f74
b2363a4f-9fdb-46d0-888b-428320fa4aff,66,2017-11-22 16:06:00.0,56bcc0b2_768b_4732_9db3_da270aecf5d9
b27c5244-f054-4d06-ba82-580e56e04d5b,67,2017-11-22 16:06:00.0,e5307b29_20c2_4583_855f_4bfe6da30475
b2c3a26d-e540-4bbc-acf2-0da9cb744a78,46,2017-11-22 16:06:00.0,1b80ee8f_f7de_4861_93b7_b1c3db570c56
b3e21634-e109-42e8-aafc-0ead6a1ec864,76,2017-11-22 16:06:00.0,fba32fb1_4b12_4757_b27a_ed6e16dc5082
b4bdde29-b2e7-4136-b1d6-7e0b2dcfae82,37,2017-11-22 16:06:00.0,9578db78_2eab_4f33_a442_221975473fed
b4f92bd2-233c-41b6-bbca-e627a2e52c5d,98,2017-11-22 16:06:00.0,357f831e_a6e1_460e_b59e_a2132c9fe966
b62005e5-159a-4205-8351-4fdd8f41e61e,80,2017-11-22 16:06:00.0,bfd08952_3cde_4bd2_a1ef_dba4e469bd79
b94393cc-d6f3-4678-8abc-c633a1939168,99,2017-11-22 16:06:00.0,990c19e0_2c27_4af3_bada_a8a7ecaf3584
b97af663-e3e1-43d6-96de-3fc6164baf8b,43,2017-11-22 16:06:00.0,712c36f4_6e58_4bea_bc20_3fec6d51322e
ba70a82c-0e3e-484a-98ea-abb704c5a2df,44,2017-11-22 16:06:00.0,1d3a6221_3be0_4449_9ddb_b47de53fcd27
bba35d27-3703-4883-b6ac-71eede2d5906,35,2017-11-22 16:06:00.0,7ae12a72_5c12_43ee_911a_ab3f01e8222c
bc505093-cca1-4c76-bca0-10719fd4cebf,21,2017-11-22 16:06:00.0,bbaa80be_92a8_4576_8150_b2f36659ef0c
bc894023-4a5b-4b97-8085-6cbc5afa5254,10,2017-11-22 16:06:00.0,63ddf1e3_4a19_4d60_80ea_2341dc252934
be843814-00bd-4792-8612-d42ccc91db94,8,2017-11-22 16:06:00.0,9118e620_9f71_4c9f_b230_49a072c0335e
c0d5964a-a81d-4542-99cc-bfc558a9f2ec,39,2017-11-22 16:06:00.0,ad8b6c76_77e1_4f3e_b2a4_d135f4049725
c36555f5-c30a-4f94-abdd-d8acb67f6ba9,14,2017-11-22 16:06:00.0,259b5be5_1b41_4c64_8f00_f705cce48e63
c415e5a9-9285-4082-90f3-5642b9b7e174,29,2017-11-22 16:06:00.0,2fc05001_f2d9_414a_bada_6dd1da9e9906
c59422f9-6617-4735-bc38-3de1a537adb2,16,2017-11-22 16:06:00.0,64a4e58d_9de9_4c20_a87f_70e4fe1920ad
c728a9e9-d47b-4a12-bb5c-bca9a663287d,59,2017-11-22 16:06:00.0,c7313270_4c87_41d5_8611_793e28967ff3
c7693604-5001-442c-a9f3-c468f66538bd,71,2017-11-22 16:06:00.0,7f245af3_afca_4a3e_bf74_c9b301c01fef
ca220f66-ddad-40aa-9b06-507185180d22,57,2017-11-22 16:06:00.0,2c6822d4_f661_4b31_b911_b3a6d979a43b
caaccddc-30f8-4079-a63d-a75b0149c352,81,2017-11-22 16:06:00.0,95d94c7f_81b1_4048_938a_3fe57fbcb85d
caebc054-0577-4eb2-8e73-e436f22f7bd6,86,2017-11-22 16:06:00.0,909f8de6_0e92_4776_aa66_d93bce22cfc7
cb814979-26ce-475a-aa0e-ce45638de839,34,2017-11-22 16:06:00.0,33a01a51_59b6_45f9_90db_224a9301be2e
cbaeaffe-16a9-4bde-aeef-f337c75490a1,82,2017-11-22 16:06:00.0,52ff5073_b090_4068_8350_d18c73559035
cce660af-2035-41dd-b8de-a8cd97eced8c,60,2017-11-22 16:06:00.0,32817423_ab8d_447f_8b1e_3e08ac86df17
d3281084-75df-46da-a711-73bc65dd20b1,70,2017-11-22 16:06:00.0,8b3ebb82_7a4c_4455_b9a4_4b564a788ddb
d3aa9f2c-fa84-4d0e-9f98-59bad52e7da4,36,2017-11-22 16:06:00.0,d6a55df0_bc0d_4a6f_aa95_d41ce268abc5
d5c7469f-dda5-4893-871d-b0ab9b21c885,17,2017-11-22 16:06:00.0,de0f6149_6a69_4041_9a1b_73fad3b24142
d6145224-7276-4ec4-9cee-416329ae9998,4,2017-11-22 16:06:00.0,e37c8ec3_5d8f_4c03_808b_5f1f22c57d7e
d76b9b98-4371-4822-a2f4-13a3d5ed0317,74,2017-11-22 16:06:00.0,48f0210c_b117_4bb0_b6a7_3a990c3919b9
d77a5b78-5f69-4f6c-afca-b77ec329ceb1,19,2017-11-22 16:06:00.0,548c90fe_2557_4c25_9b58_7d6155eee679
d84a15d4-0372-4504-9a02-5a315f6b7d6f,45,2017-11-22 16:06:00.0,b31e2302_2cd3_47c4_ae85_b8a0f4935ca2
d8b1271e-7995-4abe-9875-29cbb18e55b8,25,2017-11-22 16:06:00.0,194f6244_c450_4c9e_8f67_bb904bf8aa25
d9e88d5d-e279-4511-aa0a-7d1a1bf9b27d,18,2017-11-22 16:06:00.0,1bf09a81_4f4c_464f_82f6_965ed8702c81
da5434a6-70dd-486f-825f-24ade0ca67a3,20,2017-11-22 16:06:00.0,dc02374e_8039_4438_b3e7_d3009ee9aeaa
dc6cb891-f5bb-4bbd-a0a2-33bd4e8465bc,32,2017-11-22 16:06:00.0,05a92933_e8dc_45cb_99f8_ff51307231c0
de009ef2-e186-4989-be36-f322bb21ff27,14,2017-11-22 16:06:00.0,3f900cf5_87bd_47a2_ab79_536601fcd9dc
de38c73e-f491-4ff2-9b2b-1a8bec0ee0a7,78,2017-11-22 16:06:00.0,b607ca0a_5fb5_4765_979c_8a60c8dab98c
de3fca2a-c359-4751-967a-e64bcd0ce735,74,2017-11-22 16:06:00.0,c0d3df24_ef3f_4341_a1b7_02dae2095b2c
def717c4-c847-46b8-85e3-08bf9240a249,48,2017-11-22 16:06:00.0,230eee2b_ad1e_4ac9_b412_84ca5a386d7e
df6946c8-a699-4213-bd12-5600d52b675d,55,2017-11-22 16:06:00.0,7b7e34e5_bf8e_4576_acba_2586a77c557d
e37e11b7-8437-4c95-922f-d053e9bd2c31,50,2017-11-22 16:06:00.0,5f404708_c7d8_4344_b905_71596f559601
e9a3fa9a-af74-4d0e-b2a9-4ba36fd5b7ab,59,2017-11-22 16:06:00.0,775012aa_6b58_4d99_807c_7d60a30caf78
eaeb2666-b771-4c12-b997-fd3cab9a4fc7,78,2017-11-22 16:06:00.0,eb08e88d_5511_48e2_a01f_69f01bba0c08
ebd25ca8-0beb-4bea-805e-708eb190e97d,35,2017-11-22 16:06:00.0,78afe407_698a_48f3_a3d3_c4a4d85f7938
ec093346-6ead-42a3-bdc2-9948d340a685,22,2017-11-22 16:06:00.0,afeaf59f_f3c8_41a5_9790_0f5136101a50
efcf35b0-c3d5-455a-b8fb-d437e2f10a51,21,2017-11-22 16:06:00.0,c877a68b_4927_426e_b9cf_3ecc02c9a120
eff0cc60-c4b4-4590-87e1-f862e1944de2,58,2017-11-22 16:06:00.0,3cf68924_d18c_4dc7_861d_4265f97fced0
f234b78b-4752-4d5d-9f70-6361105a45a3,27,2017-11-22 16:06:00.0,c2962d98_801e_4cee_9f53_596e3a374985
f24465aa-d4da-487f-93e6-339b55b9875c,88,2017-11-22 16:06:00.0,b39c3fcf_853b_459e_b48e_044afefff438
f5e8e868-7ce4-4478-a276-b01250b3492e,25,2017-11-22 16:06:00.0,2858bba5_45c6_4c78_a3a0_92b2644f53eb
f61272eb-9a76-4dd9-9908-b9557ad1e75f,93,2017-11-22 16:06:00.0,22edcb0a_2cb0_4218_ad92_bc268219a349
f8289cf5-ab84-4259-9080-ecbae687a3b7,10,2017-11-22 16:06:00.0,d95f7256_81d9_4295_b19b_c08591ccc7a9
f8b0427e-a402-4eb0-a4a1-62b784326596,39,2017-11-22 16:06:00.0,3b586224_51e0_427d_a741_8dcbdb91c5c3
f961ad02-713e-478f-9baa-afa5de42113c,42,2017-11-22 16:06:00.0,60844160_4fa4_4c44_9347_d6c3ae5b4f68
fa2c7607-c89c-408b-8dbc-1b1be8751b4a,23,2017-11-22 16:06:00.0,a8d0bc02_0ee1_4819_b4ad_1895e3dbbfbe
fb83ce61-d33c-45ed-a4ec-d371d95394e9,47,2017-11-22 16:06:00.0,9e4e4a3c_3390_4274_8b80_017050c65a8d
fb91a6a0-86cf-4d66-8751-842fda8f200d,34,2017-11-22 16:06:00.0,a26f3d67_b562_4bed_b8fa_53c4a2f58e51
018f18a7-9275-48f0-a77b-fea0584f971a,93,2017-11-22 16:08:00.0,94bbf2ae_b6a5_479c_ad56_05cf2f425bb2
01cb540a-8f58-4477-a1ba-359a570c2a40,53,2017-11-22 16:08:00.0,0a8441f2_cb89_460b_a313_7e4f3e9cd2fe
037bca7f-f718-472a-a204-e84f7ed0736b,83,2017-11-22 16:08:00.0,2862d8b9_ef5b_4561_9ca6_e6918206dfa9
0551acf3-7a1f-42db-9cc5-4ed72395a60e,76,2017-11-22 16:08:00.0,1faa8cc8_177c_423c_b948_6b915369c2fe
06245cbf-1a36-4d98-ad31-3db89e90bd7f,93,2017-11-22 16:08:00.0,4c23c8d1_0560_49a3_bd3a_31d08307355b
0a6885b5-9f58-4074-8573-cfb507c36d2b,16,2017-11-22 16:08:00.0,fbdd8c90_1de1_4082_a559_e46b34fceb3d
0f9cf5e8-c6c1-4cd4-ab37-f56adfd6fe90,78,2017-11-22 16:08:00.0,5d7cfd09_6859_43d9_851e_a107822198bf
102236af-f834-4012-838c-06b0ac2c4b03,91,2017-11-22 16:08:00.0,2bea4741_bb38_43aa_a73d_152523e93790
118aec64-bef3-4938-baee-e95b4138a7af,25,2017-11-22 16:08:00.0,07bc9762_39ee_4871_9e64_f5d6092d1c73
11eabf0c-9216-4637-b3bd-467caf19ccfb,59,2017-11-22 16:08:00.0,1aa62150_d040_459d_80c1_9ff6d1ddf58e
11edddfc-b2b0-4753-978b-23628ec96aa0,46,2017-11-22 16:08:00.0,9396e304_2675_4004_aed5_fedbcf8d0185
146e3e90-8f2c-45c3-bfb6-05933f2d06c7,99,2017-11-22 16:08:00.0,ce529347_c865_4fd7_ab9c_6339fa6dec88
14db4a70-cbb1-4444-ad6c-b77b23fbf650,54,2017-11-22 16:08:00.0,9e2c2de7_ae61_404b_a179_3111de8bf2cb
15244826-e0f6-4ac3-9afa-75b3f34bdf27,99,2017-11-22 16:08:00.0,4ebe13ed_5eb9_4f42_b26d_cc99b85c2272
161d88a1-ec34-4358-9587-7a452b470203,10,2017-11-22 16:08:00.0,3939d7ca_b788_476c_84b5_8269f5ad036d
16a20c4c-8a5f-4367-8cf3-95588584bdc6,83,2017-11-22 16:08:00.0,17f9dd1d_0cb6_41ec_82f9_e52bef1977cc
1730947b-7588-4e31-b832-1c2d2fd69e90,2,2017-11-22 16:08:00.0,31b49b15_69ad_4d2a_b83c_1972d0d0787b
17a7e53d-7602-4a3d-8679-1bb1324ee9b2,93,2017-11-22 16:08:00.0,2cc55b50_7d1b_40dd_9042_8093f5cbd919
18575a6e-349f-49f6-af54-107d80b9c613,65,2017-11-22 16:08:00.0,0920fd5b_164a_4099_87e4_d32c8c79273c
18a294a3-d03a-4552-ba2d-d4428631c9f9,41,2017-11-22 16:08:00.0,e0e5b92d_d6db_4925_91b0_6bb5fab11f15
1c4a4ade-576e-4023-945a-9fc59fe81c52,1,2017-11-22 16:08:00.0,ed0991b2_1b02_4200_a959_791f8e4657bc
1d47be32-8f21-4dda-bac0-b50c45487ef7,20,2017-11-22 16:08:00.0,e37c8ec3_5d8f_4c03_808b_5f1f22c57d7e
1e2d6b90-4987-40ea-9cb6-7113abb5ed9a,69,2017-11-22 16:08:00.0,e0dc483a_0810_4f9c_9f32_f60dcc970af4
21770bcb-f17f-4359-944f-45c35d946194,76,2017-11-22 16:08:00.0,f8017ce2_b8ca_42c3_8c6b_fdabbfa79ceb
21d65a0b-c586-4ecd-994a-501d86c5562c,41,2017-11-22 16:08:00.0,2fc3c344_d837_41af_85bd_38b846536c30
22043348-9df2-426d-9578-ac13b553917a,70,2017-11-22 16:08:00.0,f17644e4_1c4b_418f_ae76_5851bf71e456
26d642c4-e2cb-4de7-89d6-251a2c3512f8,13,2017-11-22 16:08:00.0,52068f62_97a9_4bb5_beb1_1ec4361dec8c
2a32e84e-d307-4326-979b-f057782c8b7d,93,2017-11-22 16:08:00.0,24e7b522_9d3d_4096_959f_e62ce7b23674
2a41d9bf-09e8-4fd6-ae53-cff76f5360af,66,2017-11-22 16:08:00.0,259b5be5_1b41_4c64_8f00_f705cce48e63
2a6b1585-453e-4afa-b618-dab376d46601,35,2017-11-22 16:08:00.0,dc84db8e_d170_4435_bbf8_3bb9f3998859
2b129997-9e00-417c-b16b-e5019cab594b,29,2017-11-22 16:08:00.0,29a9e39e_f73b_441c_9709_71b9f90b54df
2b583f4f-4703-4a4b-a91d-e30dd831b3a0,30,2017-11-22 16:08:00.0,eb2c811b_4e4b_4f67_838c_d79aacd6c9de
2bf70e4f-5062-47b7-b2ae-accbeed78062,71,2017-11-22 16:08:00.0,d008cf16_4f43_4842_a9e4_19bae2e8d52b
2cc5a096-4ca1-49db-a254-b2b8cafb02d5,50,2017-11-22 16:08:00.0,1b77f2fd_47ce_4d5f_b402_2f35b5f97079
2e5d638a-b91b-42d3-884e-eba06df65744,38,2017-11-22 16:08:00.0,f0f47cae_2395_481a_9e14_3d4859d61313
2e691f7d-4eb9-4c63-b5f3-d17672013b98,16,2017-11-22 16:08:00.0,75f6d7b8_58cd_436a_9e27_d562c0002342
2e6d1b0f-5b8c-4800-8939-8c1f68a36cb2,82,2017-11-22 16:08:00.0,3910fb74_ec07_4420_9c71_14e4151101b7
2e973166-3565-4395-96e5-d1212a44448a,8,2017-11-22 16:08:00.0,8495c7e1_3c1d_4d8b_874c_7c141d674865
31958051-342f-4c92-9b56-e12ef7117c2a,67,2017-11-22 16:08:00.0,953d120f_2e61_4480_a763_5c8fa0571c67
34298438-fd01-4cd2-b629-21b9c38043b2,69,2017-11-22 16:08:00.0,56787787_80a8_48e2_a7f8_991fd15f0854
344bb35b-7385-4079-ab36-d4e3a224dfbc,6,2017-11-22 16:08:00.0,6dbdf009_aa25_416c_b044_5d385e9ddaf6
345767a0-bc1b-4c41-8f79-d5e4ee1a3f03,38,2017-11-22 16:08:00.0,c2559963_8b03_4a57_9f47_ff432f735dc0
34c1cbd1-1ec1-4aec-ad24-ec3ca3fe11d3,61,2017-11-22 16:08:00.0,ee454435_bcad_46ea_b948_e1a9e031ba17
3575d8d4-d3dd-41bc-b975-e6f95c893177,64,2017-11-22 16:08:00.0,c5f1e50e_eca3_4757_b3ae_ac44cd4f1065
384a4d6e-3a7a-42c7-a783-db64376eacaa,83,2017-11-22 16:08:00.0,66af0522_41ad_47ca_85b6_b0744c9ea66b
392325a8-c2d5-4331-bad6-e45174ee24fd,73,2017-11-22 16:08:00.0,bbaf55c0_0ecf_49b1_bdd9_51edfd73ed76
3a2778ac-6f41-4c60-bca9-f32659c1a74f,56,2017-11-22 16:08:00.0,55191624_1757_490a_b4da_c088b53feefb
3aa47eb0-9d62-4416-ba17-bfb64d543ce6,2,2017-11-22 16:08:00.0,16e310e8_cf49_49af_b4a2_dad8646427ec
3b56c128-ac48-4717-b125-5371f65ac5c6,19,2017-11-22 16:08:00.0,9c7d6520_2b29_4974_98da_fcbb767febfb
3c4bca7b-60b4-42f2-b0b5-e05bf7057deb,87,2017-11-22 16:08:00.0,5c33234c_38b9_47d6_b291_c8e131546c6e
3c93e8be-7abd-4329-86d0-21b40aad44d1,59,2017-11-22 16:08:00.0,34ab44fd_3f02_44e0_ac13_bf73d47bd88d
3cdaf71e-1a7a-40d7-9b56-f26e4b5aad3d,27,2017-11-22 16:08:00.0,5564fb5c_b82e_4915_839b_c1b8cb73135d
3eeabb4a-a51f-4306-9579-65f28b25319c,74,2017-11-22 16:08:00.0,2b549d82_f3bf_4b4e_933f_abd5499af489
3f835835-f714-40ba-a311-37818fb772ba,67,2017-11-22 16:08:00.0,b80b51a4_3d4e_407d_beee_082af6477a94
461a73fa-0b8a-4aad-8a93-b968fab70e8c,2,2017-11-22 16:08:00.0,b4abe576_cab4_4cc5_a620_94f9c3de779c
464891ec-5905-456e-97a9-82975136d4ca,14,2017-11-22 16:08:00.0,0ae029b5_9584_4fac_8275_93cd162b6a74
46aba1b1-277a-4acd-a644-0c3a794a74ee,89,2017-11-22 16:08:00.0,5bf971cc_3309_43b9_be7f_2ffb8b8253c2
48f7d791-957b-4266-83a1-e78aa2a96efe,84,2017-11-22 16:08:00.0,bfbe9e8a_6f7b_4eee_8d51_fde3ae0b1826
4b0a5bda-af2c-43a5-a726-2abc50035711,61,2017-11-22 16:08:00.0,98a3b942_c94f_4174_a803_398e4af5c47d
4d77d597-204e-4e37-a9c9-4c5b299c5afe,51,2017-11-22 16:08:00.0,e1488d0c_56ff_4608_bffb_ed4e5c70dc8e
4df06604-2656-4985-8189-214ba4900413,86,2017-11-22 16:08:00.0,dc1bf19c_60bb_46a5_9567_6586464169a8
4f5ee461-aa99-4643-ba9e-8f6abfba90ed,41,2017-11-22 16:08:00.0,9cc9c926_10ab_4329_a9b5_a2bbea45c179
4ff293ea-1cdb-4174-acba-0ba863ba36e1,54,2017-11-22 16:08:00.0,31d89df3_2dab_4a4c_abe8_ebaaff90ca08
529cb197-abea-4974-bc10-25ea2cfe8550,16,2017-11-22 16:08:00.0,a4fd1b18_8ae7_48aa_a790_6c1080596bde
530cb8aa-f93f-439f-a53d-39cf443172d6,20,2017-11-22 16:08:00.0,12da8489_d677_468c_b536_e79ffee2c59b
543f3523-7af3-44c7-8e55-3a5ed9a73151,97,2017-11-22 16:08:00.0,7472f969_5782_48b7_87e8_7911b7f03c7a
562c4c95-e810-4312-8837-dfac192aaeee,46,2017-11-22 16:08:00.0,907f1956_cc5f_4305_976f_abad84fcf4d0
56915f2d-b1bc-4094-a95c-538f258c3fd3,56,2017-11-22 16:08:00.0,c60829f9_749d_4d07_b383_9b04009e6280
58403c5b-4b2d-4083-b92e-434f6d89c322,79,2017-11-22 16:08:00.0,93959d9f_5561_4698_8d58_2152654bda78
5883801f-1754-4259-b3bf-9a9b33dd8f3e,64,2017-11-22 16:08:00.0,c0b21743_9523_4df7_8ce2_9dbcdf8bf7f8
5a67b1df-2929-44ca-a3a1-e2a98c35c725,18,2017-11-22 16:08:00.0,0e511b03_79b1_4eb3_9ca2_9cdaddba62d3
5a830bfa-5bee-4ce3-ba4a-ec56cb65e846,92,2017-11-22 16:08:00.0,63ddf1e3_4a19_4d60_80ea_2341dc252934
5aaa5a5f-584d-4262-9c69-7d77aeda3fdc,36,2017-11-22 16:08:00.0,e346613f_8f8a_4859_9afa_ead4b50fafa3
5acf5dd3-d0f4-4db6-9efd-e0952cfccb71,3,2017-11-22 16:08:00.0,d28e0dd6_e447_4528_bb29_1f867d682794
5b8e3f95-ee8a-4cf5-91cc-4268dbd076bb,15,2017-11-22 16:08:00.0,beace017_b726_4f5c_9c45_0a63179a0e9a
5c78a15c-4bc0-4041-8f21-bba944469674,42,2017-11-22 16:08:00.0,4268caee_f806_45da_af84_00f452ea53f6
5cbd7c80-b639-4e9a-aab7-80c3a0384f64,89,2017-11-22 16:08:00.0,194f6244_c450_4c9e_8f67_bb904bf8aa25
5d86a65f-bbaa-4f10-871b-96fc7cefee51,41,2017-11-22 16:08:00.0,fcebd0c2_6762_4f87_ad71_491eabcdb0db
60fdac74-33a3-430d-8437-7e70eccb5068,68,2017-11-22 16:08:00.0,6d35ea2f_bf6e_4bb6_af15_eaf1eeb19b62
612f3e0d-b7e4-492f-ae7b-f83e6c97fef7,77,2017-11-22 16:08:00.0,fe2af187_60dd_48a9_99f3_4540684b6080
64d458c3-efbe-4f11-ba84-c412d1b97201,45,2017-11-22 16:08:00.0,aebb945a_8765_4bd6_8573_aaf3513c043e
67676887-c5ce-4fc1-bab7-406461784b79,26,2017-11-22 16:08:00.0,b088139d_c0a7_4277_bad3_ccd7cdd0ace3
699a0545-f7b0-4875-9edd-62189cc28f88,68,2017-11-22 16:08:00.0,719da9af_95f6_4319_9159_583045c9df0b
6a4c7351-abfa-4242-a682-4d760f293fbf,98,2017-11-22 16:08:00.0,26768d01_f175_4dcd_8cc5_418da39d6216
6ac684dc-3a8c-4ff4-9f6a-55e64a64e600,18,2017-11-22 16:08:00.0,cb1ae845_5c2b_4e44_9252_42a38eeb5a0f
6bb70c61-a8a4-4055-9410-11c565715ebc,6,2017-11-22 16:08:00.0,535b165b_9fe2_46d0_9c20_11e38bce0366
6ffcd4fd-d073-4634-b37e-bb624dca32ce,12,2017-11-22 16:08:00.0,9b228fb2_e15a_49f6_8971_0d689b5c5f92
71bc1f4c-4dee-40a8-b94e-c8065416c805,83,2017-11-22 16:08:00.0,cb29ff10_02d6_4b90_9304_568aaee5edc2
72b38edb-2987-438e-8ca3-0f198867a834,67,2017-11-22 16:08:00.0,f0375366_5614_4a90_8575_7dbbcd0b5179
740df500-486f-4c64-b73e-7f017b52d212,17,2017-11-22 16:08:00.0,efa1eef5_6541_4e25_8a11_ffb45d91c760
74ba9f63-c237-45a6-8471-d468fe640a37,66,2017-11-22 16:08:00.0,6da8d9e4_a9b2_44c8_a2fa_f5263784ca6d
7511adbd-fb89-41c0-ab7d-baa8409acc2f,10,2017-11-22 16:08:00.0,7e9f8d39_8011_4808_9428_b6e23f99263d
76e13a74-4d9d-443c-98a7-97a31f77a55d,38,2017-11-22 16:08:00.0,b6f87086_afb3_4a73_9ed5_271ba872489e
78b2a1e1-d488-4af0-9454-58d2a3582860,35,2017-11-22 16:08:00.0,285c6a7c_5130_45dd_b8b9_a74ee0977b6b
7a6a1d0f-2fe5-4b06-b767-e4127c544317,54,2017-11-22 16:08:00.0,9aea3a47_45aa_42cb_81b2_e6ed542d6854
7dcb0005-2e25-443f-97ea-6db4a49de998,2,2017-11-22 16:08:00.0,f217e042_27f4_4031_87b0_ef6b590a829d
7e1001e8-021d-4ea6-bb6d-d37d2ca15eae,65,2017-11-22 16:08:00.0,9916c7bc_b8c7_4cd8_a15a_184cedfd59e6
7e4070c7-d186-470a-a116-5b7bf60ad79d,71,2017-11-22 16:08:00.0,a09d0b20_9fb0_4c00_8a9a_f62168aff775
809fa3f7-2a47-494c-a2ac-7adc18d7ec6e,38,2017-11-22 16:08:00.0,afeaf59f_f3c8_41a5_9790_0f5136101a50
80e82898-8f16-47e6-b5df-bf7fa5df5874,1,2017-11-22 16:08:00.0,063cae4a_9052_4835_8d99_545857915955
814bdd5d-3886-433e-8fd0-82f00c53e0f7,93,2017-11-22 16:08:00.0,a7b56700_cf96_44bc_8f6c_49035292d972
826fba46-2d37-4242-b15e-d6f95e6ae6ad,70,2017-11-22 16:08:00.0,8249652c_f8a7_4189_b087_968dcea28534
8593a282-5a8f-4acd-9bda-44cbdeb39e6d,99,2017-11-22 16:08:00.0,09b5ab34_ecfb_42a6_989f_02bd67b9c3a1
86494262-3db4-4b7b-8f9e-24e7e08cfba9,44,2017-11-22 16:08:00.0,22edcb0a_2cb0_4218_ad92_bc268219a349
882ddf95-5f7a-4836-a7e6-91c991427c1e,3,2017-11-22 16:08:00.0,a26f3d67_b562_4bed_b8fa_53c4a2f58e51
8aff04f0-c056-4bb9-ac67-eed65993c51e,64,2017-11-22 16:08:00.0,43117e7d_2f81_4eb0_8bf5_3fae2faa0e21
8b24e634-735b-4b91-b600-262a119a28a8,31,2017-11-22 16:08:00.0,11e8c82f_ebd9_4d7d_b73e_f30508cdb4c9
8d999d77-c647-48c0-8f39-176be8ceccb2,73,2017-11-22 16:08:00.0,a0a934f9_59be_4a14_aee5_bcac9185626c
8f493679-b5dc-4a65-b529-74a0bd579f3c,75,2017-11-22 16:08:00.0,ac58a267_e6e6_414d_b3ad_0e8b48f307ff
91233367-e2eb-431f-a187-d613df3bb729,28,2017-11-22 16:08:00.0,b9a4d009_ced4_484d_9f46_f30f2935dac8
93951351-cdb4-46c9-a21d-f294523d7e35,62,2017-11-22 16:08:00.0,88c25fdb_3c12_427b_92b8_4d16f21ec557
93bbcd04-e341-483d-881e-99a63857a221,46,2017-11-22 16:08:00.0,246fbf06_4780_4e54_9fdf_9b597e714db8
97b5adee-5fbb-4c38-9798-7e4c6415854d,32,2017-11-22 16:08:00.0,e57463cc_9135_4881_8776_f14c51f2d815
9801be9c-830a-4c98-9c4c-666f0aecc814,61,2017-11-22 16:08:00.0,c54d3cc2_2f63_4f42_8e44_55afe8bb8722
98839869-13ad-4cf5-822d-d7846f08df08,5,2017-11-22 16:08:00.0,59fb7c15_9d1c_4d26_94a0_fe724a5c1007
99478116-d3fd-4f79-8963-6f0f479275f6,37,2017-11-22 16:08:00.0,89517de6_a520_47f1_b33e_eb485914b706
9948c355-c87a-462d-bcbb-4f322a34fb38,39,2017-11-22 16:08:00.0,30cced27_6cd1_4d82_9894_bddbb71a4402
9b0ce267-5c50-4699-9f4a-714115a75b7f,82,2017-11-22 16:08:00.0,31443fd8_dd58_4adb_8c1d_545bb858fce1
9cfb87c7-8a58-4f72-9293-482c53c73e5c,33,2017-11-22 16:08:00.0,245897f2_eb42_4b83_b2d9_0bee57f33e4b
a02b28c6-e523-4b20-99f9-289ec7a9c2f1,41,2017-11-22 16:08:00.0,63afe293_638d_4f63_90b4_a9e9930ff513
a07ebac6-d520-4213-a8b8-7f9bd5a5ec29,3,2017-11-22 16:08:00.0,cc160607_a26f_49f7_a450_b055519a2194
a27ffd47-6e53-4eb7-9a5b-2d1b3a79f2d9,20,2017-11-22 16:08:00.0,thermometer4
a2c91ad5-e63c-4e67-adb9-20476207b275,60,2017-11-22 16:08:00.0,d9515683_b052_4772_8107_006afb768dd5
a2e915ef-def6-4283-a987-9b1845ea2bfa,55,2017-11-22 16:08:00.0,334ac30a_3cbd_4305_9e9e_5559d50dc69c
a6242f0b-72a8-43db-82a8-e96027a08ac8,92,2017-11-22 16:08:00.0,13ee5c98_7151_415c_a10c_4fd27fcc0b53
a7a18a5d-0d35-4801-81ed-6d8c02a9af07,17,2017-11-22 16:08:00.0,ec49c7f3_efe2_4b64_8c3f_969e2f86e8ad
a80aece5-0cbf-4b49-876a-e16a78ff100e,86,2017-11-22 16:08:00.0,4c7433c6_7e10_430c_9a4d_a3ea48a636f8
a8592e7d-4842-4ab5-8999-eb5890d2f561,22,2017-11-22 16:08:00.0,f5c8186b_c3d4_4502_9b01_6583daf183a6
a95bc4ea-579f-4398-a9a0-6392b45c1151,22,2017-11-22 16:08:00.0,f0a258df_b6f5_4917_90cf_562b28c83a44
aaa9f46b-d2ae-4b8c-aabf-5eedf85ab92a,15,2017-11-22 16:08:00.0,64a4e58d_9de9_4c20_a87f_70e4fe1920ad
ab2a32c3-a007-4365-89eb-7743475f87c5,84,2017-11-22 16:08:00.0,c9006752_ebc6_4ef0_b328_3d53747ebd3d
ab3853c0-1dc1-4a38-9aef-92498720445d,60,2017-11-22 16:08:00.0,160c4da3_d7f1_4348_add2_3d843434dd6c
abe85da7-e76f-4033-89b6-16940ad43dc8,35,2017-11-22 16:08:00.0,c9adccb2_e0dd_477f_995d_f9d3172063c4
ac0c0c29-925f-4972-8e6b-a8112a59f30f,94,2017-11-22 16:08:00.0,27b27b4e_6298_4e9c_b37c_b8babcbaadeb
ad97cc36-2fd8-43f4-86a0-e2bc057efae6,9,2017-11-22 16:08:00.0,6be868dd_f3aa_49a8_8233_37fc415de0ad
aed6abd4-5c4f-4247-b3c2-7ea71c30678d,84,2017-11-22 16:08:00.0,9ea45916_f629_4217_8ad8_7e82bfb6bbd7
af5ccdb8-8b2b-4240-84c8-948b21b17c66,29,2017-11-22 16:08:00.0,e8679d90_0b6b_4887_9bf4_e73c12d75284
b0dc5c64-9b78-4d39-ae2f-53353f1e1742,70,2017-11-22 16:08:00.0,6f2bb567_aa2e_4c66_bfe9_0199697171b8
b1d96484-e177-4f4d-81ca-4232c4cf7529,82,2017-11-22 16:08:00.0,0cc6a5c6_c258_4461_85a1_7f16908970ee
b6004a09-44af-4840-9aaa-8fb2b23042c2,16,2017-11-22 16:08:00.0,1bf00b99_6a8e_4d17_9063_ea5a4a77af5b
b6f4d92e-2a98-48e8-8b5a-7d4c73d88515,21,2017-11-22 16:08:00.0,2f29c468_83dd_4837_bc2e_bd58e0c47280
b961ff20-3bc7-4c76-b9b3-e3958203fde0,10,2017-11-22 16:08:00.0,4e2afa44_4b4e_4a94_9b27_182dc7d788ee
bc697117-e3bc-4330-ae84-47af1216c512,78,2017-11-22 16:08:00.0,7e306d4f_d339_4433_ad31_25185b999863
bd34e4e3-3f32-452d-8355-f36f5832302f,33,2017-11-22 16:08:00.0,b38a8937_4f8e_41a9_9978_953da7d79c00
be02b2bf-6cc1-4904-8971-031207c20a9a,59,2017-11-22 16:08:00.0,f612bcf1_aab8_49ff_9c1e_7d04ba91b7a4
bfd8f39d-cec3-4432-9c3e-4ae217a942b7,69,2017-11-22 16:08:00.0,4fbf0bf6_9ace_4c0b_94ed_6a3f28c2efda
c0ed5882-81a4-442d-98c1-89b475e4bffd,12,2017-11-22 16:08:00.0,155bdc3c_648c_4736_9648_7da6ee3aa00f
c11130e2-b93b-4c06-a94b-9068942e25f8,22,2017-11-22 16:08:00.0,2618ae4a_65d9_4fe9_8f86_049cf1dd4386
c421124a-7471-48c4-8fb1-0511cccd3294,22,2017-11-22 16:08:00.0,5e08cf27_1df4_45aa_94bc_da81ffd5f008
c51b9dee-b237-4cca-9e45-f180915ef18e,45,2017-11-22 16:08:00.0,2c8fda8b_e013_443a_9487_2f5f98e42b56
c53cb99f-4f96-4fb0-b61c-6344e62058ff,27,2017-11-22 16:08:00.0,7b5cf1bd_bdd4_4899_abcc_878083a34a8f
c68285cf-e8db-4294-91ac-9a706df69129,29,2017-11-22 16:08:00.0,799c5a7a_877b_47f0_9d2e_0ef4fb0358c1
ca7b1593-d857-4373-8327-ba1a9d55945d,42,2017-11-22 16:08:00.0,d8226832_1ec0_4c45_831f_9528fd33216b
ca909ef3-588c-4aa9-b22b-21a5bdd22716,81,2017-11-22 16:08:00.0,thermometer6
cbd281d8-e8be-47c2-87fb-2691fdfc9246,84,2017-11-22 16:08:00.0,4d8c269c_d321_4221_a27c_b8261236e4a2
cc70d3f2-bc0e-4a78-8522-a0cd59899367,42,2017-11-22 16:08:00.0,95c26295_8966_4c6f_b180_4b08c1363152
ce6938c9-c58d-4e19-bc18-d391c4e41f49,29,2017-11-22 16:08:00.0,50681f4d_9cb2_44d9_a462_eb1a0fbf4da2
cead8d0f-114e-43b1-a63f-bad93fab7e95,68,2017-11-22 16:08:00.0,44c3ec22_728d_4a40_847e_e5bef45baa5f
cfcc223d-04dd-409e-bd0d-eabc0b31dce2,38,2017-11-22 16:08:00.0,87eb763b_9b3d_4b0a_a460_b14bd4bbc55a
d03ca732-3b7a-4c96-b5ce-b71112f1061f,11,2017-11-22 16:08:00.0,96ee45b0_ff94_42a5_98e0_d68286c08850
d4150acd-bc85-4b93-a2bc-ed5c717b30e2,97,2017-11-22 16:08:00.0,0b214939_6515_43da_8bf4_ad13f37b1643
d50baa9b-1224-4492-8659-9615e011a079,39,2017-11-22 16:08:00.0,05e96915_19fd_4d57_980e_5f603d4bb2dd
d59b7321-c737-4a25-8375-3fafca7a08de,32,2017-11-22 16:08:00.0,06d39773_fd40_4c34_bb0d_a23a05ff48c5
d5ded4bb-3376-42e4-834a-6da041b77f99,99,2017-11-22 16:08:00.0,6b87e576_bdcd_45ea_a5c0_21c6442609e9
d8411eff-09fd-4438-9d83-bb1c742fe330,57,2017-11-22 16:08:00.0,06c090d8_9528_48c8_8f14_b8767b211392
d8879686-4741-4b07-8167-457962f055e3,93,2017-11-22 16:08:00.0,68196fee_8409_43ab_8791_30749ccfea3c
da49f329-8b63-46f5-bddd-919d978bead8,43,2017-11-22 16:08:00.0,e52bbde2_19a5_49eb_97b2_e01afc071293
dc39bab7-798b-4fc7-9695-8241a5ac8a9b,40,2017-11-22 16:08:00.0,82c74786_f491_4dd8_92cb_284207c434fc
dd565c87-4393-4c5d-933a-ffefd939f5b8,29,2017-11-22 16:08:00.0,3fb1db17_5cbd_431a_8c3b_c4a18eba6456
dd5a24da-3714-4a94-a70e-6e3470f4531b,23,2017-11-22 16:08:00.0,1f56c7ec_68a7_4d15_9b36_2173d04ab7b9
de27870a-ffd6-4011-8403-a3b86371ef1f,33,2017-11-22 16:08:00.0,09b17242_1576_464e_9ef3_201bf9397540
df3752c4-6c6b-42d1-a3b4-5fa4f8e8871a,43,2017-11-22 16:08:00.0,eb5b4658_13aa_434b_a26a_e5fa703525f7
e164c6ea-9952-47a7-be40-92683d1e6009,6,2017-11-22 16:08:00.0,c1cf846b_352d_4dac_bd43_a70691a85512
e45544cb-4090-49a9-9f94-00482005c56e,33,2017-11-22 16:08:00.0,7ae12a72_5c12_43ee_911a_ab3f01e8222c
e4c19a55-6dd1-47e8-b658-ea8af3de9b50,51,2017-11-22 16:08:00.0,ff39d9b7_184a_41ed_adb1_bff99875da92
e5472533-cdbb-4ff8-a4f4-15256464ca3b,35,2017-11-22 16:08:00.0,be218c1b_7502_40ab_b8c3_5ae66aa27868
e6601902-174a-415c-a7f5-8151fef4cf51,36,2017-11-22 16:08:00.0,5756e3bb_4b8a_482f_9a90_da7df47fc4ca
e75120bc-0370-4835-b6c7-5924a734c0e7,10,2017-11-22 16:08:00.0,52e0bb7f_b6df_40f9_b8b1_c1a943b6cb3f
e78e23c2-587f-44a6-a745-1b2e5d008817,39,2017-11-22 16:08:00.0,5a96f80e_e270_40cc_b06b_19f87b0a7473
e83a9d87-95ec-43d1-9f26-329ba5cf6657,58,2017-11-22 16:08:00.0,893fb3bd_2d37_4ddc_911d_cfb47780cd11
e85d7290-a2da-405b-add1-fb882a703c44,18,2017-11-22 16:08:00.0,c7094d00_cdb9_4202_9d3c_09e35cb92e51
e90a7ffc-5fcd-4ab6-bfb7-321e290e79e3,74,2017-11-22 16:08:00.0,81a18f4e_715f_493b_952d_c9305f60bd66
e947f493-19cb-4506-b6e0-d918e09b4e05,29,2017-11-22 16:08:00.0,8b0ce4cc_8414_4103_8ce6_4f25e20fc8d0
e982dd49-99e8-4dbf-b73c-895b6f0e5d3d,93,2017-11-22 16:08:00.0,7cb525b8_20f5_4e72_8e23_a1b7da51707d
e9df9031-2882-4446-870b-4016bd2a1075,62,2017-11-22 16:08:00.0,42a6b996_c3b1_48b5_a1d9_50c2cac09258
eab66882-f25a-407c-bed5-d7f3141bf98b,8,2017-11-22 16:08:00.0,2622f96b_bdd1_4f60_8586_49dda5f3b257
ed44d842-afbd-43ec-a44c-9d403d786190,32,2017-11-22 16:08:00.0,431a254c_e30e_41a8_afad_ee9c3da4a085
f0a1208f-e8ed-4b5e-9135-1908f5637574,40,2017-11-22 16:08:00.0,129272d6_41e3_4bc3_91bf_5334190cab92
f11036c4-24c5-41d9-81f9-d199524ebde8,93,2017-11-22 16:08:00.0,fdc7f596_4493_43a2_84dc_3105d6885af1
f308bb0d-c54b-40f8-80c2-1462f24200df,67,2017-11-22 16:08:00.0,613d910d_eb81_4f77_af4e_09fb4f2269bd
f41e9bc8-7d57-4272-9100-b9da7ef8819c,84,2017-11-22 16:08:00.0,8e51488b_c584_4bcf_a8df_e98d02a3bb08
f4f94f4e-a69e-4dd3-8480-ebe583349af4,44,2017-11-22 16:08:00.0,02959fc3_3294_47d1_9d9e_3e6fc04be78a
f5cfa5a7-a0d8-497f-ad7d-9174dfcdb952,41,2017-11-22 16:08:00.0,5ecfebcf_ed50_4e7e_a5be_e85ac632558f
f7f807d9-68ce-49b9-abf0-dd6f2c97e467,18,2017-11-22 16:08:00.0,294e6798_0597_4b8c_bb91_cc84e398afa4
f8e5f3fb-31b1-465a-a4ea-31416fc81464,12,2017-11-22 16:08:00.0,c6d69e30_0d74_42d4_bd31_5fb511cc8bff
f9da1a52-1e24-4121-835a-de3434fd7fed,69,2017-11-22 16:08:00.0,bdeb0aff_7730_45ee_bd43_c5d9836167a0
fc07e14f-da86-4dc2-94b9-99dc4ce6d896,74,2017-11-22 16:08:00.0,f78a5a7e_c2c1_466d_8130_45a6923d9b7a
fc2b2409-d374-414e-80d0-6ba9ae95958c,6,2017-11-22 16:08:00.0,99c6c6df_66fc_4c3e_a908_14fd6023da9b
fcdb7193-fb96-4256-9824-1462f16bfc0d,58,2017-11-22 16:08:00.0,48bc18c0_178a_4bef_a6d1_059e6cd8b2a0
fdccfc98-13c4-4202-90ef-27cb274b9ba1,53,2017-11-22 16:08:00.0,a36aaccd_e296_426b_a87b_1097f56052f8
